Date,Product,Supplier,Warehouse,Category,Order_Demand,Shipping_Delay_Days,Inventory_Level,Month,Year
2022-01-01,Product A,Supplier X,Warehouse 2,Electronics,17,9,262,1,2022
2022-01-01,Product A,Supplier Y,Warehouse 1,Clothing,13,14,373,1,2022
2022-01-01,Product C,Supplier Z,Warehouse 2,Furniture,21,10,432,1,2022
2022-01-02,Product C,Supplier Y,Warehouse 2,Electronics,20,6,429,1,2022
2022-01-02,Product A,Supplier Z,Warehouse 2,Clothing,20,6,472,1,2022
2022-01-02,Product A,Supplier Y,Warehouse 2,Furniture,14,4,300,1,2022
2022-01-03,Product C,Supplier Z,Warehouse 1,Clothing,17,7,370,1,2022
2022-01-04,Product B,Supplier Z,Warehouse 1,Electronics,20,11,154,1,2022
2022-01-05,Product C,Supplier Y,Warehouse 2,Electronics,17,8,140,1,2022
2022-01-05,Product D,Supplier Z,Warehouse 2,Clothing,20,9,124,1,2022
2022-01-05,Product A,Supplier Y,Warehouse 1,Clothing,22,8,387,1,2022
2022-01-05,Product A,Supplier X,Warehouse 2,Furniture,16,14,241,1,2022
2022-01-06,Product D,Supplier Z,Warehouse 2,Furniture,17,1,448,1,2022
2022-01-07,Product A,Supplier Y,Warehouse 1,Furniture,20,13,183,1,2022
2022-01-08,Product B,Supplier Z,Warehouse 1,Electronics,18,6,60,1,2022
2022-01-08,Product C,Supplier Z,Warehouse 2,Electronics,25,2,389,1,2022
2022-01-09,Product B,Supplier Z,Warehouse 1,Electronics,18,13,83,1,2022
2022-01-09,Product A,Supplier X,Warehouse 2,Furniture,27,2,416,1,2022
2022-01-10,Product C,Supplier X,Warehouse 2,Electronics,15,14,319,1,2022
2022-01-10,Product D,Supplier Y,Warehouse 2,Clothing,23,3,408,1,2022
2022-01-12,Product C,Supplier Z,Warehouse 1,Furniture,18,9,142,1,2022
2022-01-12,Product D,Supplier Y,Warehouse 2,Electronics,21,11,163,1,2022
2022-01-13,Product B,Supplier Y,Warehouse 2,Electronics,20,8,493,1,2022
2022-01-14,Product A,Supplier X,Warehouse 1,Furniture,23,14,462,1,2022
2022-01-15,Product C,Supplier Y,Warehouse 1,Clothing,16,14,491,1,2022
2022-01-15,Product C,Supplier Z,Warehouse 2,Furniture,13,5,202,1,2022
2022-01-15,Product C,Supplier X,Warehouse 1,Electronics,25,8,339,1,2022
2022-01-16,Product A,Supplier Z,Warehouse 2,Electronics,15,10,135,1,2022
2022-01-17,Product C,Supplier X,Warehouse 1,Furniture,19,7,397,1,2022
2022-01-18,Product C,Supplier X,Warehouse 1,Clothing,12,3,297,1,2022
2022-01-19,Product C,Supplier X,Warehouse 2,Furniture,26,14,431,1,2022
2022-01-20,Product B,Supplier Y,Warehouse 2,Electronics,15,1,88,1,2022
2022-01-21,Product B,Supplier Z,Warehouse 2,Electronics,19,5,276,1,2022
2022-01-21,Product B,Supplier Z,Warehouse 2,Furniture,24,11,420,1,2022
2022-01-22,Product B,Supplier Z,Warehouse 1,Electronics,25,3,150,1,2022
2022-01-22,Product C,Supplier Y,Warehouse 1,Clothing,25,11,372,1,2022
2022-01-23,Product B,Supplier Y,Warehouse 1,Clothing,24,6,148,1,2022
2022-01-23,Product B,Supplier Z,Warehouse 1,Electronics,16,11,75,1,2022
2022-01-25,Product B,Supplier Y,Warehouse 2,Furniture,23,5,487,1,2022
2022-01-25,Product C,Supplier Z,Warehouse 2,Electronics,19,2,491,1,2022
2022-01-26,Product C,Supplier Y,Warehouse 2,Furniture,22,12,106,1,2022
2022-01-26,Product A,Supplier Z,Warehouse 2,Clothing,23,4,347,1,2022
2022-01-27,Product D,Supplier Z,Warehouse 1,Furniture,20,4,188,1,2022
2022-01-28,Product A,Supplier X,Warehouse 1,Clothing,26,7,428,1,2022
2022-01-28,Product C,Supplier X,Warehouse 1,Furniture,22,11,100,1,2022
2022-01-28,Product B,Supplier Y,Warehouse 2,Electronics,18,7,448,1,2022
2022-01-28,Product C,Supplier Z,Warehouse 2,Electronics,20,7,265,1,2022
2022-01-29,Product A,Supplier Y,Warehouse 2,Furniture,18,8,467,1,2022
2022-02-02,Product B,Supplier Y,Warehouse 2,Furniture,25,2,386,2,2022
2022-02-02,Product D,Supplier Y,Warehouse 1,Clothing,17,1,486,2,2022
2022-02-03,Product A,Supplier Z,Warehouse 2,Electronics,18,11,141,2,2022
2022-02-03,Product D,Supplier Y,Warehouse 1,Electronics,12,6,338,2,2022
2022-02-04,Product C,Supplier Y,Warehouse 2,Clothing,19,12,68,2,2022
2022-02-04,Product B,Supplier X,Warehouse 1,Electronics,24,12,444,2,2022
2022-02-05,Product D,Supplier Z,Warehouse 2,Clothing,19,10,429,2,2022
2022-02-05,Product A,Supplier X,Warehouse 1,Electronics,23,10,167,2,2022
2022-02-06,Product A,Supplier Z,Warehouse 1,Clothing,15,4,476,2,2022
2022-02-06,Product D,Supplier Y,Warehouse 2,Clothing,18,10,307,2,2022
2022-02-06,Product C,Supplier X,Warehouse 2,Electronics,18,14,224,2,2022
2022-02-07,Product D,Supplier X,Warehouse 1,Furniture,24,4,239,2,2022
2022-02-08,Product D,Supplier Y,Warehouse 1,Furniture,16,5,228,2,2022
2022-02-08,Product C,Supplier X,Warehouse 1,Clothing,17,10,443,2,2022
2022-02-08,Product C,Supplier Z,Warehouse 1,Clothing,17,7,407,2,2022
2022-02-08,Product C,Supplier Y,Warehouse 1,Clothing,16,10,225,2,2022
2022-02-09,Product B,Supplier X,Warehouse 2,Furniture,21,5,352,2,2022
2022-02-10,Product C,Supplier Z,Warehouse 2,Clothing,22,8,307,2,2022
2022-02-10,Product D,Supplier X,Warehouse 2,Furniture,23,10,150,2,2022
2022-02-10,Product C,Supplier Z,Warehouse 1,Furniture,19,10,132,2,2022
2022-02-11,Product D,Supplier Z,Warehouse 1,Clothing,17,12,342,2,2022
2022-02-12,Product C,Supplier Z,Warehouse 2,Furniture,20,14,418,2,2022
2022-02-12,Product C,Supplier Y,Warehouse 2,Furniture,9,12,287,2,2022
2022-02-15,Product A,Supplier Z,Warehouse 2,Electronics,17,1,285,2,2022
2022-02-15,Product B,Supplier X,Warehouse 1,Electronics,19,12,372,2,2022
2022-02-16,Product B,Supplier X,Warehouse 2,Electronics,16,14,158,2,2022
2022-02-16,Product D,Supplier X,Warehouse 1,Clothing,25,14,97,2,2022
2022-02-16,Product C,Supplier Y,Warehouse 2,Electronics,14,10,177,2,2022
2022-02-16,Product C,Supplier Y,Warehouse 2,Electronics,16,11,98,2,2022
2022-02-17,Product A,Supplier Y,Warehouse 2,Furniture,24,6,184,2,2022
2022-02-17,Product D,Supplier Z,Warehouse 1,Furniture,17,7,345,2,2022
2022-02-18,Product A,Supplier Y,Warehouse 2,Furniture,17,12,470,2,2022
2022-02-20,Product C,Supplier X,Warehouse 1,Electronics,24,2,302,2,2022
2022-02-20,Product A,Supplier Y,Warehouse 2,Furniture,17,4,95,2,2022
2022-02-20,Product C,Supplier Z,Warehouse 1,Electronics,23,6,235,2,2022
2022-02-22,Product B,Supplier Z,Warehouse 1,Furniture,18,3,274,2,2022
2022-02-22,Product D,Supplier X,Warehouse 1,Clothing,14,3,386,2,2022
2022-02-22,Product D,Supplier X,Warehouse 1,Clothing,24,5,383,2,2022
2022-02-22,Product D,Supplier Z,Warehouse 2,Clothing,23,7,411,2,2022
2022-02-23,Product D,Supplier Y,Warehouse 2,Clothing,17,12,184,2,2022
2022-02-23,Product A,Supplier X,Warehouse 2,Electronics,22,3,498,2,2022
2022-02-23,Product C,Supplier X,Warehouse 2,Furniture,17,11,249,2,2022
2022-02-25,Product A,Supplier Z,Warehouse 1,Furniture,22,8,379,2,2022
2022-02-25,Product B,Supplier Y,Warehouse 1,Electronics,16,9,221,2,2022
2022-02-27,Product D,Supplier X,Warehouse 2,Electronics,23,14,488,2,2022
2022-02-27,Product B,Supplier X,Warehouse 2,Furniture,25,2,179,2,2022
2022-02-27,Product C,Supplier X,Warehouse 2,Furniture,20,3,249,2,2022
2022-02-27,Product C,Supplier X,Warehouse 2,Furniture,17,9,194,2,2022
2022-02-28,Product D,Supplier Z,Warehouse 1,Furniture,16,13,156,2,2022
2022-03-02,Product D,Supplier X,Warehouse 1,Electronics,16,12,251,3,2022
2022-03-03,Product C,Supplier Z,Warehouse 2,Electronics,31,3,367,3,2022
2022-03-04,Product C,Supplier Y,Warehouse 1,Furniture,24,7,126,3,2022
2022-03-04,Product A,Supplier X,Warehouse 2,Clothing,25,12,144,3,2022
2022-03-06,Product C,Supplier Z,Warehouse 2,Furniture,17,10,195,3,2022
2022-03-06,Product A,Supplier Y,Warehouse 1,Clothing,23,3,245,3,2022
2022-03-08,Product C,Supplier X,Warehouse 2,Furniture,16,14,316,3,2022
2022-03-10,Product A,Supplier X,Warehouse 1,Electronics,20,10,363,3,2022
2022-03-10,Product A,Supplier Y,Warehouse 1,Electronics,20,1,105,3,2022
2022-03-10,Product B,Supplier Z,Warehouse 1,Clothing,20,3,134,3,2022
2022-03-11,Product B,Supplier Y,Warehouse 2,Clothing,24,6,492,3,2022
2022-03-13,Product C,Supplier Z,Warehouse 2,Furniture,28,7,331,3,2022
2022-03-13,Product A,Supplier Z,Warehouse 1,Electronics,21,11,274,3,2022
2022-03-14,Product D,Supplier X,Warehouse 1,Clothing,15,7,418,3,2022
2022-03-15,Product A,Supplier X,Warehouse 1,Furniture,17,7,291,3,2022
2022-03-16,Product C,Supplier Z,Warehouse 2,Clothing,21,11,450,3,2022
2022-03-16,Product D,Supplier Y,Warehouse 1,Electronics,17,4,493,3,2022
2022-03-16,Product D,Supplier X,Warehouse 2,Furniture,23,8,421,3,2022
2022-03-17,Product B,Supplier Z,Warehouse 1,Furniture,18,12,233,3,2022
2022-03-17,Product B,Supplier Z,Warehouse 1,Clothing,20,10,250,3,2022
2022-03-19,Product D,Supplier Z,Warehouse 2,Clothing,16,4,92,3,2022
2022-03-19,Product A,Supplier X,Warehouse 2,Electronics,23,13,164,3,2022
2022-03-19,Product A,Supplier X,Warehouse 2,Clothing,17,2,243,3,2022
2022-03-21,Product A,Supplier X,Warehouse 1,Electronics,17,1,344,3,2022
2022-03-22,Product C,Supplier Y,Warehouse 2,Furniture,9,6,453,3,2022
2022-03-22,Product D,Supplier X,Warehouse 2,Furniture,14,2,167,3,2022
2022-03-22,Product C,Supplier X,Warehouse 2,Furniture,16,1,413,3,2022
2022-03-24,Product D,Supplier Z,Warehouse 2,Electronics,14,12,206,3,2022
2022-03-26,Product B,Supplier Y,Warehouse 2,Clothing,21,12,408,3,2022
2022-03-27,Product C,Supplier Y,Warehouse 2,Clothing,18,4,283,3,2022
2022-03-27,Product A,Supplier Y,Warehouse 1,Clothing,19,4,295,3,2022
2022-03-27,Product B,Supplier Z,Warehouse 2,Furniture,21,9,319,3,2022
2022-03-29,Product B,Supplier Y,Warehouse 1,Electronics,21,14,463,3,2022
2022-03-31,Product B,Supplier Z,Warehouse 1,Furniture,12,4,441,3,2022
2022-03-31,Product D,Supplier Y,Warehouse 1,Electronics,17,6,445,3,2022
2022-03-31,Product A,Supplier Z,Warehouse 2,Furniture,23,10,496,3,2022
2022-04-01,Product B,Supplier Z,Warehouse 1,Electronics,19,14,209,4,2022
2022-04-02,Product D,Supplier Z,Warehouse 1,Electronics,24,2,99,4,2022
2022-04-02,Product B,Supplier Y,Warehouse 1,Electronics,20,9,105,4,2022
2022-04-03,Product A,Supplier X,Warehouse 2,Furniture,26,6,135,4,2022
2022-04-04,Product D,Supplier X,Warehouse 2,Furniture,21,4,80,4,2022
2022-04-05,Product B,Supplier X,Warehouse 1,Clothing,11,3,202,4,2022
2022-04-05,Product C,Supplier X,Warehouse 2,Electronics,17,3,462,4,2022
2022-04-06,Product C,Supplier Z,Warehouse 2,Electronics,26,10,370,4,2022
2022-04-06,Product A,Supplier X,Warehouse 2,Electronics,11,2,273,4,2022
2022-04-06,Product D,Supplier X,Warehouse 1,Electronics,20,6,142,4,2022
2022-04-08,Product B,Supplier Y,Warehouse 1,Furniture,23,10,358,4,2022
2022-04-09,Product D,Supplier Y,Warehouse 1,Clothing,25,10,68,4,2022
2022-04-09,Product A,Supplier Y,Warehouse 2,Electronics,23,9,210,4,2022
2022-04-09,Product D,Supplier Y,Warehouse 2,Clothing,21,14,207,4,2022
2022-04-09,Product A,Supplier Z,Warehouse 1,Clothing,17,7,398,4,2022
2022-04-09,Product A,Supplier Z,Warehouse 2,Furniture,19,12,236,4,2022
2022-04-09,Product D,Supplier X,Warehouse 2,Clothing,24,2,284,4,2022
2022-04-09,Product C,Supplier X,Warehouse 2,Clothing,13,14,152,4,2022
2022-04-09,Product D,Supplier Y,Warehouse 1,Clothing,15,11,493,4,2022
2022-04-10,Product A,Supplier Y,Warehouse 1,Furniture,25,12,376,4,2022
2022-04-10,Product D,Supplier Z,Warehouse 2,Electronics,24,13,397,4,2022
2022-04-13,Product A,Supplier X,Warehouse 2,Electronics,21,2,415,4,2022
2022-04-13,Product B,Supplier X,Warehouse 2,Electronics,16,10,152,4,2022
2022-04-13,Product A,Supplier X,Warehouse 1,Electronics,20,13,387,4,2022
2022-04-14,Product C,Supplier Y,Warehouse 2,Clothing,17,12,282,4,2022
2022-04-14,Product A,Supplier Y,Warehouse 2,Furniture,18,5,176,4,2022
2022-04-15,Product D,Supplier Z,Warehouse 1,Furniture,12,11,173,4,2022
2022-04-16,Product D,Supplier Y,Warehouse 2,Furniture,23,2,198,4,2022
2022-04-16,Product A,Supplier X,Warehouse 1,Electronics,19,3,461,4,2022
2022-04-16,Product A,Supplier Y,Warehouse 1,Furniture,22,9,289,4,2022
2022-04-17,Product C,Supplier X,Warehouse 1,Clothing,21,5,86,4,2022
2022-04-17,Product A,Supplier Z,Warehouse 1,Clothing,19,2,450,4,2022
2022-04-19,Product B,Supplier Y,Warehouse 1,Furniture,26,7,219,4,2022
2022-04-19,Product D,Supplier X,Warehouse 2,Furniture,17,6,383,4,2022
2022-04-21,Product A,Supplier Y,Warehouse 2,Clothing,19,1,101,4,2022
2022-04-21,Product B,Supplier X,Warehouse 1,Clothing,23,2,188,4,2022
2022-04-21,Product A,Supplier Y,Warehouse 1,Electronics,22,9,321,4,2022
2022-04-22,Product A,Supplier Y,Warehouse 1,Electronics,26,7,452,4,2022
2022-04-23,Product D,Supplier X,Warehouse 2,Electronics,13,10,198,4,2022
2022-04-23,Product C,Supplier Z,Warehouse 1,Furniture,29,3,289,4,2022
2022-04-23,Product C,Supplier X,Warehouse 2,Clothing,17,10,272,4,2022
2022-04-23,Product A,Supplier Z,Warehouse 1,Furniture,22,2,161,4,2022
2022-04-25,Product B,Supplier X,Warehouse 1,Electronics,17,2,398,4,2022
2022-04-26,Product C,Supplier X,Warehouse 2,Furniture,20,3,254,4,2022
2022-04-27,Product D,Supplier X,Warehouse 1,Clothing,14,3,311,4,2022
2022-04-27,Product A,Supplier Y,Warehouse 2,Clothing,16,4,394,4,2022
2022-04-28,Product C,Supplier X,Warehouse 2,Furniture,24,9,51,4,2022
2022-04-28,Product B,Supplier Z,Warehouse 2,Electronics,20,14,59,4,2022
2022-04-28,Product B,Supplier X,Warehouse 1,Electronics,15,6,435,4,2022
2022-04-28,Product B,Supplier Z,Warehouse 1,Electronics,17,13,333,4,2022
2022-04-29,Product B,Supplier Z,Warehouse 2,Furniture,22,1,83,4,2022
2022-04-30,Product B,Supplier X,Warehouse 1,Furniture,14,4,403,4,2022
2022-04-30,Product C,Supplier Z,Warehouse 2,Electronics,19,7,406,4,2022
2022-05-01,Product A,Supplier X,Warehouse 2,Clothing,22,14,240,5,2022
2022-05-02,Product A,Supplier Z,Warehouse 2,Clothing,23,4,378,5,2022
2022-05-02,Product C,Supplier X,Warehouse 2,Electronics,23,13,377,5,2022
2022-05-03,Product C,Supplier Y,Warehouse 2,Electronics,22,1,283,5,2022
2022-05-04,Product C,Supplier Y,Warehouse 2,Furniture,20,14,385,5,2022
2022-05-05,Product A,Supplier X,Warehouse 2,Clothing,19,10,229,5,2022
2022-05-06,Product B,Supplier X,Warehouse 2,Clothing,17,3,193,5,2022
2022-05-06,Product C,Supplier X,Warehouse 2,Electronics,16,3,155,5,2022
2022-05-06,Product B,Supplier Z,Warehouse 2,Furniture,21,7,375,5,2022
2022-05-07,Product C,Supplier X,Warehouse 2,Electronics,18,5,201,5,2022
2022-05-08,Product B,Supplier Y,Warehouse 1,Furniture,15,2,311,5,2022
2022-05-09,Product B,Supplier X,Warehouse 2,Furniture,22,13,290,5,2022
2022-05-10,Product B,Supplier X,Warehouse 2,Clothing,26,2,339,5,2022
2022-05-11,Product D,Supplier Y,Warehouse 1,Furniture,16,2,275,5,2022
2022-05-11,Product B,Supplier X,Warehouse 2,Clothing,22,10,284,5,2022
2022-05-11,Product C,Supplier X,Warehouse 2,Electronics,26,1,328,5,2022
2022-05-12,Product D,Supplier Z,Warehouse 2,Electronics,20,6,268,5,2022
2022-05-13,Product C,Supplier Y,Warehouse 1,Furniture,23,9,138,5,2022
2022-05-13,Product A,Supplier X,Warehouse 2,Electronics,18,11,153,5,2022
2022-05-14,Product C,Supplier Y,Warehouse 2,Clothing,11,6,321,5,2022
2022-05-15,Product B,Supplier X,Warehouse 1,Furniture,15,7,136,5,2022
2022-05-15,Product A,Supplier Y,Warehouse 1,Electronics,17,11,456,5,2022
2022-05-17,Product D,Supplier Z,Warehouse 2,Electronics,19,12,141,5,2022
2022-05-18,Product B,Supplier Y,Warehouse 2,Electronics,18,10,203,5,2022
2022-05-19,Product A,Supplier Y,Warehouse 2,Clothing,12,10,275,5,2022
2022-05-19,Product A,Supplier Z,Warehouse 1,Furniture,19,8,178,5,2022
2022-05-20,Product D,Supplier X,Warehouse 2,Electronics,20,9,137,5,2022
2022-05-23,Product B,Supplier X,Warehouse 2,Clothing,12,5,165,5,2022
2022-05-23,Product C,Supplier Y,Warehouse 2,Electronics,21,14,434,5,2022
2022-05-24,Product D,Supplier Z,Warehouse 2,Furniture,21,1,428,5,2022
2022-05-24,Product C,Supplier X,Warehouse 2,Furniture,19,7,186,5,2022
2022-05-24,Product A,Supplier Z,Warehouse 2,Electronics,18,11,253,5,2022
2022-05-24,Product C,Supplier Y,Warehouse 1,Clothing,23,14,88,5,2022
2022-05-25,Product B,Supplier Y,Warehouse 2,Electronics,20,10,393,5,2022
2022-05-25,Product B,Supplier X,Warehouse 2,Electronics,22,7,365,5,2022
2022-05-25,Product C,Supplier Y,Warehouse 2,Electronics,20,7,412,5,2022
2022-05-26,Product A,Supplier X,Warehouse 1,Electronics,25,6,380,5,2022
2022-05-26,Product D,Supplier X,Warehouse 1,Clothing,20,8,88,5,2022
2022-05-27,Product D,Supplier Y,Warehouse 2,Furniture,16,1,262,5,2022
2022-05-28,Product B,Supplier X,Warehouse 2,Clothing,21,8,172,5,2022
2022-05-29,Product B,Supplier X,Warehouse 1,Clothing,22,7,220,5,2022
2022-05-30,Product A,Supplier Y,Warehouse 1,Electronics,14,13,464,5,2022
2022-05-31,Product B,Supplier Z,Warehouse 2,Electronics,22,1,308,5,2022
2022-05-31,Product C,Supplier Y,Warehouse 1,Furniture,13,5,57,5,2022
2022-06-01,Product B,Supplier Z,Warehouse 2,Clothing,24,7,232,6,2022
2022-06-02,Product C,Supplier Z,Warehouse 1,Electronics,12,5,338,6,2022
2022-06-03,Product A,Supplier X,Warehouse 2,Electronics,22,2,242,6,2022
2022-06-03,Product D,Supplier Z,Warehouse 2,Electronics,21,9,72,6,2022
2022-06-04,Product C,Supplier Y,Warehouse 2,Electronics,20,7,441,6,2022
2022-06-06,Product B,Supplier X,Warehouse 2,Electronics,19,5,198,6,2022
2022-06-07,Product C,Supplier Y,Warehouse 2,Clothing,20,10,401,6,2022
2022-06-09,Product C,Supplier X,Warehouse 1,Clothing,27,11,250,6,2022
2022-06-09,Product B,Supplier Z,Warehouse 1,Furniture,23,13,456,6,2022
2022-06-09,Product B,Supplier X,Warehouse 1,Electronics,23,11,140,6,2022
2022-06-10,Product B,Supplier Z,Warehouse 2,Clothing,19,8,313,6,2022
2022-06-10,Product B,Supplier X,Warehouse 2,Electronics,24,10,390,6,2022
2022-06-10,Product A,Supplier X,Warehouse 2,Furniture,16,2,64,6,2022
2022-06-11,Product D,Supplier X,Warehouse 1,Furniture,14,10,220,6,2022
2022-06-12,Product B,Supplier X,Warehouse 1,Clothing,16,13,246,6,2022
2022-06-12,Product B,Supplier Z,Warehouse 1,Electronics,21,2,210,6,2022
2022-06-14,Product C,Supplier X,Warehouse 1,Clothing,26,2,162,6,2022
2022-06-15,Product B,Supplier X,Warehouse 1,Electronics,15,4,438,6,2022
2022-06-16,Product B,Supplier Z,Warehouse 1,Furniture,20,11,380,6,2022
2022-06-16,Product C,Supplier X,Warehouse 2,Clothing,15,3,240,6,2022
2022-06-17,Product B,Supplier Z,Warehouse 2,Furniture,11,1,184,6,2022
2022-06-17,Product A,Supplier Y,Warehouse 2,Electronics,21,9,430,6,2022
2022-06-17,Product C,Supplier Z,Warehouse 2,Clothing,17,13,400,6,2022
2022-06-19,Product C,Supplier Y,Warehouse 2,Furniture,19,6,167,6,2022
2022-06-20,Product B,Supplier Y,Warehouse 2,Furniture,20,9,412,6,2022
2022-06-21,Product C,Supplier Z,Warehouse 2,Electronics,19,10,73,6,2022
2022-06-21,Product D,Supplier Z,Warehouse 2,Furniture,22,13,345,6,2022
2022-06-22,Product B,Supplier X,Warehouse 2,Clothing,22,2,239,6,2022
2022-06-22,Product B,Supplier Y,Warehouse 1,Furniture,26,7,444,6,2022
2022-06-22,Product A,Supplier X,Warehouse 1,Electronics,14,6,481,6,2022
2022-06-23,Product A,Supplier X,Warehouse 2,Clothing,16,6,95,6,2022
2022-06-25,Product A,Supplier X,Warehouse 2,Electronics,22,1,61,6,2022
2022-06-26,Product A,Supplier Y,Warehouse 2,Clothing,16,9,65,6,2022
2022-06-26,Product B,Supplier X,Warehouse 1,Electronics,19,3,395,6,2022
2022-06-27,Product D,Supplier Z,Warehouse 2,Electronics,15,6,190,6,2022
2022-06-29,Product A,Supplier Y,Warehouse 1,Electronics,12,12,471,6,2022
2022-06-30,Product D,Supplier Y,Warehouse 2,Clothing,15,14,58,6,2022
2022-07-01,Product B,Supplier Z,Warehouse 2,Furniture,17,12,277,7,2022
2022-07-02,Product C,Supplier X,Warehouse 1,Electronics,18,3,389,7,2022
2022-07-03,Product A,Supplier Z,Warehouse 1,Electronics,19,6,488,7,2022
2022-07-03,Product B,Supplier Z,Warehouse 2,Electronics,21,1,222,7,2022
2022-07-05,Product C,Supplier X,Warehouse 2,Furniture,24,1,227,7,2022
2022-07-06,Product C,Supplier Y,Warehouse 2,Clothing,24,7,76,7,2022
2022-07-07,Product C,Supplier Y,Warehouse 1,Clothing,19,6,170,7,2022
2022-07-08,Product C,Supplier Z,Warehouse 2,Furniture,18,14,82,7,2022
2022-07-09,Product A,Supplier X,Warehouse 1,Clothing,14,3,285,7,2022
2022-07-09,Product D,Supplier X,Warehouse 1,Furniture,19,9,437,7,2022
2022-07-09,Product A,Supplier Y,Warehouse 1,Furniture,23,9,372,7,2022
2022-07-09,Product D,Supplier Z,Warehouse 2,Furniture,22,8,382,7,2022
2022-07-09,Product D,Supplier X,Warehouse 2,Furniture,19,14,320,7,2022
2022-07-10,Product D,Supplier Y,Warehouse 2,Clothing,24,10,454,7,2022
2022-07-10,Product D,Supplier Y,Warehouse 1,Clothing,16,2,230,7,2022
2022-07-11,Product C,Supplier Z,Warehouse 2,Clothing,15,13,145,7,2022
2022-07-11,Product C,Supplier Y,Warehouse 1,Clothing,26,7,452,7,2022
2022-07-11,Product A,Supplier Z,Warehouse 1,Electronics,17,4,359,7,2022
2022-07-11,Product C,Supplier Z,Warehouse 1,Furniture,16,1,174,7,2022
2022-07-13,Product A,Supplier Y,Warehouse 1,Electronics,12,13,376,7,2022
2022-07-13,Product D,Supplier Z,Warehouse 1,Electronics,28,6,471,7,2022
2022-07-14,Product B,Supplier X,Warehouse 2,Furniture,18,9,468,7,2022
2022-07-14,Product D,Supplier Z,Warehouse 2,Furniture,16,13,115,7,2022
2022-07-14,Product B,Supplier X,Warehouse 1,Clothing,18,7,402,7,2022
2022-07-15,Product A,Supplier X,Warehouse 1,Clothing,22,2,149,7,2022
2022-07-15,Product B,Supplier X,Warehouse 2,Electronics,23,6,445,7,2022
2022-07-17,Product C,Supplier X,Warehouse 1,Electronics,21,4,330,7,2022
2022-07-20,Product A,Supplier Y,Warehouse 1,Electronics,30,1,129,7,2022
2022-07-20,Product D,Supplier X,Warehouse 2,Clothing,18,3,384,7,2022
2022-07-20,Product B,Supplier Z,Warehouse 2,Clothing,19,5,462,7,2022
2022-07-21,Product D,Supplier Y,Warehouse 2,Electronics,21,5,64,7,2022
2022-07-22,Product B,Supplier Z,Warehouse 1,Furniture,18,3,418,7,2022
2022-07-22,Product A,Supplier Y,Warehouse 2,Electronics,20,4,353,7,2022
2022-07-23,Product A,Supplier Z,Warehouse 2,Furniture,17,3,289,7,2022
2022-07-24,Product A,Supplier X,Warehouse 1,Furniture,17,13,95,7,2022
2022-07-25,Product A,Supplier Y,Warehouse 2,Electronics,18,7,240,7,2022
2022-07-26,Product A,Supplier Y,Warehouse 1,Electronics,19,2,244,7,2022
2022-07-26,Product B,Supplier Z,Warehouse 2,Furniture,19,5,407,7,2022
2022-07-27,Product A,Supplier X,Warehouse 1,Furniture,19,10,251,7,2022
2022-07-31,Product D,Supplier Y,Warehouse 2,Electronics,19,13,85,7,2022
2022-08-01,Product A,Supplier Z,Warehouse 2,Electronics,17,3,226,8,2022
2022-08-02,Product A,Supplier Y,Warehouse 1,Clothing,17,8,61,8,2022
2022-08-03,Product C,Supplier Y,Warehouse 2,Furniture,22,8,231,8,2022
2022-08-03,Product D,Supplier X,Warehouse 1,Clothing,15,2,336,8,2022
2022-08-04,Product D,Supplier X,Warehouse 2,Electronics,28,10,424,8,2022
2022-08-05,Product A,Supplier X,Warehouse 1,Electronics,15,5,342,8,2022
2022-08-05,Product A,Supplier Z,Warehouse 1,Furniture,22,11,231,8,2022
2022-08-05,Product C,Supplier Z,Warehouse 2,Clothing,24,1,58,8,2022
2022-08-05,Product C,Supplier Z,Warehouse 2,Electronics,17,6,94,8,2022
2022-08-06,Product C,Supplier X,Warehouse 1,Clothing,25,1,393,8,2022
2022-08-06,Product B,Supplier Y,Warehouse 2,Electronics,22,13,427,8,2022
2022-08-08,Product C,Supplier Z,Warehouse 2,Electronics,23,10,409,8,2022
2022-08-08,Product A,Supplier X,Warehouse 1,Electronics,22,13,339,8,2022
2022-08-08,Product C,Supplier X,Warehouse 2,Electronics,29,6,83,8,2022
2022-08-08,Product A,Supplier Z,Warehouse 1,Electronics,24,14,382,8,2022
2022-08-11,Product A,Supplier X,Warehouse 1,Furniture,11,2,116,8,2022
2022-08-11,Product B,Supplier Y,Warehouse 1,Furniture,15,4,120,8,2022
2022-08-11,Product A,Supplier Z,Warehouse 1,Furniture,18,7,380,8,2022
2022-08-12,Product D,Supplier X,Warehouse 1,Clothing,22,10,78,8,2022
2022-08-13,Product C,Supplier Y,Warehouse 2,Clothing,19,2,197,8,2022
2022-08-13,Product A,Supplier X,Warehouse 1,Electronics,18,13,176,8,2022
2022-08-13,Product C,Supplier Z,Warehouse 1,Furniture,14,5,312,8,2022
2022-08-13,Product D,Supplier Z,Warehouse 1,Clothing,27,9,149,8,2022
2022-08-14,Product A,Supplier Z,Warehouse 1,Clothing,17,4,225,8,2022
2022-08-15,Product A,Supplier X,Warehouse 1,Electronics,21,9,286,8,2022
2022-08-15,Product A,Supplier Y,Warehouse 1,Clothing,20,9,187,8,2022
2022-08-16,Product B,Supplier X,Warehouse 2,Clothing,25,9,341,8,2022
2022-08-17,Product A,Supplier Z,Warehouse 1,Clothing,14,2,106,8,2022
2022-08-17,Product A,Supplier Y,Warehouse 1,Electronics,20,2,445,8,2022
2022-08-17,Product A,Supplier Z,Warehouse 2,Furniture,29,8,255,8,2022
2022-08-18,Product C,Supplier Z,Warehouse 1,Furniture,22,1,367,8,2022
2022-08-18,Product B,Supplier Y,Warehouse 1,Clothing,23,5,488,8,2022
2022-08-19,Product A,Supplier Y,Warehouse 1,Clothing,23,13,371,8,2022
2022-08-19,Product D,Supplier Y,Warehouse 1,Furniture,27,9,381,8,2022
2022-08-19,Product B,Supplier Y,Warehouse 1,Electronics,25,13,302,8,2022
2022-08-19,Product C,Supplier Z,Warehouse 1,Electronics,15,1,358,8,2022
2022-08-21,Product A,Supplier Y,Warehouse 1,Electronics,27,12,433,8,2022
2022-08-21,Product D,Supplier X,Warehouse 2,Clothing,17,2,307,8,2022
2022-08-21,Product C,Supplier Z,Warehouse 1,Electronics,28,9,213,8,2022
2022-08-21,Product C,Supplier Y,Warehouse 2,Electronics,27,1,317,8,2022
2022-08-21,Product C,Supplier Y,Warehouse 2,Electronics,14,10,181,8,2022
2022-08-21,Product C,Supplier Z,Warehouse 2,Clothing,14,7,443,8,2022
2022-08-22,Product B,Supplier X,Warehouse 2,Electronics,19,5,473,8,2022
2022-08-23,Product B,Supplier X,Warehouse 2,Electronics,24,5,172,8,2022
2022-08-24,Product A,Supplier X,Warehouse 2,Electronics,20,12,382,8,2022
2022-08-25,Product C,Supplier Y,Warehouse 2,Electronics,21,14,272,8,2022
2022-08-27,Product A,Supplier Y,Warehouse 1,Furniture,15,12,205,8,2022
2022-08-27,Product A,Supplier X,Warehouse 1,Clothing,23,2,243,8,2022
2022-08-29,Product D,Supplier Z,Warehouse 1,Clothing,24,4,295,8,2022
2022-08-30,Product B,Supplier X,Warehouse 1,Furniture,19,2,188,8,2022
2022-08-30,Product B,Supplier Y,Warehouse 1,Clothing,25,10,64,8,2022
2022-08-31,Product C,Supplier Y,Warehouse 1,Clothing,21,4,444,8,2022
2022-08-31,Product D,Supplier Y,Warehouse 1,Furniture,22,3,187,8,2022
2022-09-01,Product A,Supplier Y,Warehouse 2,Clothing,26,4,355,9,2022
2022-09-03,Product C,Supplier X,Warehouse 2,Electronics,15,5,444,9,2022
2022-09-04,Product A,Supplier Z,Warehouse 1,Furniture,20,3,406,9,2022
2022-09-04,Product C,Supplier Z,Warehouse 2,Clothing,27,7,259,9,2022
2022-09-06,Product C,Supplier Y,Warehouse 2,Clothing,17,13,391,9,2022
2022-09-06,Product A,Supplier Y,Warehouse 1,Furniture,17,9,143,9,2022
2022-09-07,Product B,Supplier Y,Warehouse 1,Electronics,14,8,164,9,2022
2022-09-08,Product B,Supplier X,Warehouse 1,Electronics,22,14,362,9,2022
2022-09-09,Product C,Supplier Y,Warehouse 1,Electronics,24,13,421,9,2022
2022-09-09,Product C,Supplier Y,Warehouse 2,Clothing,27,6,367,9,2022
2022-09-10,Product A,Supplier Y,Warehouse 2,Furniture,22,2,208,9,2022
2022-09-10,Product D,Supplier Z,Warehouse 1,Clothing,16,1,252,9,2022
2022-09-10,Product C,Supplier Y,Warehouse 1,Clothing,21,10,162,9,2022
2022-09-10,Product C,Supplier Y,Warehouse 2,Furniture,15,1,194,9,2022
2022-09-10,Product D,Supplier Z,Warehouse 1,Clothing,21,7,235,9,2022
2022-09-10,Product D,Supplier X,Warehouse 2,Furniture,27,9,214,9,2022
2022-09-11,Product A,Supplier Z,Warehouse 1,Electronics,16,2,153,9,2022
2022-09-11,Product D,Supplier Y,Warehouse 1,Furniture,19,5,270,9,2022
2022-09-11,Product C,Supplier Z,Warehouse 1,Electronics,22,2,394,9,2022
2022-09-13,Product D,Supplier Z,Warehouse 1,Clothing,23,3,246,9,2022
2022-09-13,Product C,Supplier Y,Warehouse 1,Electronics,30,8,446,9,2022
2022-09-14,Product B,Supplier X,Warehouse 1,Electronics,19,11,392,9,2022
2022-09-15,Product B,Supplier Y,Warehouse 2,Furniture,26,10,441,9,2022
2022-09-16,Product A,Supplier Y,Warehouse 1,Electronics,22,13,431,9,2022
2022-09-16,Product A,Supplier Y,Warehouse 2,Clothing,27,13,152,9,2022
2022-09-16,Product B,Supplier Y,Warehouse 1,Electronics,26,2,176,9,2022
2022-09-18,Product D,Supplier X,Warehouse 2,Furniture,22,8,341,9,2022
2022-09-20,Product A,Supplier Z,Warehouse 2,Furniture,18,2,307,9,2022
2022-09-21,Product B,Supplier X,Warehouse 1,Electronics,29,14,489,9,2022
2022-09-22,Product B,Supplier X,Warehouse 1,Electronics,23,9,170,9,2022
2022-09-25,Product B,Supplier Y,Warehouse 2,Furniture,15,11,205,9,2022
2022-09-25,Product B,Supplier Z,Warehouse 1,Electronics,20,5,188,9,2022
2022-09-25,Product C,Supplier Y,Warehouse 2,Electronics,18,13,185,9,2022
2022-09-26,Product C,Supplier Z,Warehouse 1,Furniture,25,10,280,9,2022
2022-09-27,Product C,Supplier Y,Warehouse 2,Electronics,16,9,260,9,2022
2022-09-28,Product A,Supplier X,Warehouse 1,Clothing,23,11,451,9,2022
2022-09-28,Product C,Supplier Y,Warehouse 2,Furniture,15,2,97,9,2022
2022-09-29,Product A,Supplier Y,Warehouse 1,Furniture,18,3,281,9,2022
2022-09-30,Product A,Supplier Y,Warehouse 1,Clothing,12,14,407,9,2022
2022-09-30,Product A,Supplier Z,Warehouse 2,Furniture,18,8,298,9,2022
2022-10-01,Product D,Supplier Y,Warehouse 1,Clothing,21,1,461,10,2022
2022-10-01,Product B,Supplier Z,Warehouse 2,Clothing,29,1,410,10,2022
2022-10-04,Product C,Supplier Z,Warehouse 2,Clothing,25,12,445,10,2022
2022-10-04,Product C,Supplier Z,Warehouse 2,Electronics,27,11,308,10,2022
2022-10-04,Product D,Supplier X,Warehouse 1,Furniture,20,6,147,10,2022
2022-10-04,Product C,Supplier Y,Warehouse 2,Clothing,17,5,57,10,2022
2022-10-04,Product D,Supplier Y,Warehouse 2,Electronics,19,11,472,10,2022
2022-10-06,Product A,Supplier X,Warehouse 1,Clothing,19,5,279,10,2022
2022-10-07,Product A,Supplier Z,Warehouse 1,Clothing,16,1,415,10,2022
2022-10-07,Product C,Supplier Y,Warehouse 2,Electronics,21,1,127,10,2022
2022-10-08,Product A,Supplier Z,Warehouse 2,Furniture,19,6,324,10,2022
2022-10-09,Product B,Supplier X,Warehouse 2,Clothing,21,6,472,10,2022
2022-10-09,Product A,Supplier X,Warehouse 1,Furniture,16,4,336,10,2022
2022-10-10,Product B,Supplier Z,Warehouse 1,Furniture,19,4,327,10,2022
2022-10-10,Product D,Supplier Y,Warehouse 2,Clothing,23,8,403,10,2022
2022-10-11,Product D,Supplier Y,Warehouse 1,Electronics,20,2,284,10,2022
2022-10-12,Product C,Supplier X,Warehouse 1,Clothing,24,5,172,10,2022
2022-10-12,Product A,Supplier Z,Warehouse 2,Furniture,24,2,202,10,2022
2022-10-15,Product A,Supplier X,Warehouse 2,Electronics,18,4,362,10,2022
2022-10-16,Product D,Supplier Z,Warehouse 1,Clothing,13,8,435,10,2022
2022-10-16,Product B,Supplier X,Warehouse 2,Furniture,29,9,348,10,2022
2022-10-16,Product B,Supplier X,Warehouse 1,Electronics,19,5,149,10,2022
2022-10-21,Product B,Supplier Y,Warehouse 2,Clothing,16,11,421,10,2022
2022-10-23,Product C,Supplier X,Warehouse 1,Furniture,21,2,200,10,2022
2022-10-25,Product D,Supplier X,Warehouse 1,Clothing,17,6,154,10,2022
2022-10-27,Product D,Supplier Y,Warehouse 2,Clothing,19,1,114,10,2022
2022-10-28,Product D,Supplier X,Warehouse 2,Furniture,12,14,157,10,2022
2022-10-29,Product C,Supplier X,Warehouse 1,Furniture,14,10,65,10,2022
2022-10-29,Product A,Supplier Z,Warehouse 2,Clothing,22,4,270,10,2022
2022-10-30,Product C,Supplier X,Warehouse 2,Electronics,10,9,275,10,2022
2022-10-30,Product B,Supplier Z,Warehouse 1,Electronics,29,9,101,10,2022
2022-10-31,Product A,Supplier Y,Warehouse 1,Furniture,25,11,473,10,2022
2022-11-01,Product A,Supplier X,Warehouse 1,Furniture,22,2,245,11,2022
2022-11-01,Product B,Supplier Z,Warehouse 1,Clothing,16,14,326,11,2022
2022-11-02,Product A,Supplier X,Warehouse 1,Furniture,21,14,141,11,2022
2022-11-02,Product D,Supplier Z,Warehouse 1,Clothing,17,5,459,11,2022
2022-11-04,Product B,Supplier X,Warehouse 2,Clothing,23,5,51,11,2022
2022-11-05,Product D,Supplier X,Warehouse 2,Furniture,29,10,316,11,2022
2022-11-08,Product A,Supplier X,Warehouse 2,Clothing,14,2,342,11,2022
2022-11-10,Product D,Supplier Z,Warehouse 1,Electronics,16,10,476,11,2022
2022-11-10,Product B,Supplier Y,Warehouse 2,Clothing,21,13,407,11,2022
2022-11-11,Product B,Supplier Z,Warehouse 2,Furniture,11,10,315,11,2022
2022-11-12,Product B,Supplier Z,Warehouse 2,Clothing,16,6,185,11,2022
2022-11-12,Product D,Supplier Y,Warehouse 2,Furniture,26,3,490,11,2022
2022-11-14,Product C,Supplier Z,Warehouse 1,Electronics,23,8,275,11,2022
2022-11-15,Product B,Supplier Z,Warehouse 2,Clothing,13,11,254,11,2022
2022-11-16,Product D,Supplier Z,Warehouse 2,Electronics,21,14,453,11,2022
2022-11-16,Product D,Supplier Z,Warehouse 1,Clothing,31,9,360,11,2022
2022-11-17,Product B,Supplier Y,Warehouse 2,Clothing,17,9,329,11,2022
2022-11-17,Product B,Supplier X,Warehouse 2,Electronics,21,1,102,11,2022
2022-11-18,Product D,Supplier Z,Warehouse 2,Electronics,16,9,451,11,2022
2022-11-19,Product D,Supplier Z,Warehouse 2,Furniture,16,11,190,11,2022
2022-11-19,Product D,Supplier X,Warehouse 2,Electronics,24,4,315,11,2022
2022-11-21,Product A,Supplier Y,Warehouse 2,Electronics,19,5,86,11,2022
2022-11-22,Product B,Supplier X,Warehouse 1,Furniture,17,1,425,11,2022
2022-11-22,Product D,Supplier X,Warehouse 2,Clothing,22,11,153,11,2022
2022-11-23,Product A,Supplier Z,Warehouse 1,Clothing,22,10,451,11,2022
2022-11-26,Product A,Supplier Y,Warehouse 2,Clothing,25,9,210,11,2022
2022-11-26,Product C,Supplier Y,Warehouse 2,Furniture,14,2,143,11,2022
2022-11-27,Product A,Supplier Z,Warehouse 1,Electronics,25,6,329,11,2022
2022-11-27,Product A,Supplier Z,Warehouse 1,Electronics,20,13,411,11,2022
2022-12-01,Product B,Supplier Z,Warehouse 1,Electronics,25,6,213,12,2022
2022-12-01,Product A,Supplier Y,Warehouse 2,Clothing,14,5,194,12,2022
2022-12-02,Product D,Supplier Z,Warehouse 2,Clothing,20,12,431,12,2022
2022-12-03,Product A,Supplier Z,Warehouse 1,Electronics,19,13,390,12,2022
2022-12-04,Product A,Supplier Z,Warehouse 1,Electronics,17,4,388,12,2022
2022-12-04,Product B,Supplier X,Warehouse 1,Electronics,13,4,89,12,2022
2022-12-04,Product D,Supplier Y,Warehouse 2,Electronics,20,6,309,12,2022
2022-12-05,Product A,Supplier Y,Warehouse 2,Clothing,10,9,177,12,2022
2022-12-06,Product B,Supplier Y,Warehouse 1,Clothing,21,13,269,12,2022
2022-12-06,Product C,Supplier Y,Warehouse 2,Clothing,25,11,488,12,2022
2022-12-07,Product C,Supplier X,Warehouse 1,Electronics,19,3,438,12,2022
2022-12-08,Product B,Supplier Y,Warehouse 1,Furniture,16,1,364,12,2022
2022-12-08,Product B,Supplier X,Warehouse 2,Electronics,20,2,392,12,2022
2022-12-08,Product A,Supplier X,Warehouse 1,Electronics,25,8,441,12,2022
2022-12-10,Product A,Supplier Y,Warehouse 2,Electronics,19,5,292,12,2022
2022-12-10,Product C,Supplier X,Warehouse 2,Furniture,23,5,336,12,2022
2022-12-12,Product D,Supplier Y,Warehouse 1,Clothing,13,11,278,12,2022
2022-12-12,Product B,Supplier Y,Warehouse 2,Electronics,17,1,424,12,2022
2022-12-12,Product B,Supplier X,Warehouse 2,Clothing,23,4,201,12,2022
2022-12-12,Product C,Supplier Z,Warehouse 1,Clothing,22,1,359,12,2022
2022-12-12,Product A,Supplier Y,Warehouse 1,Furniture,18,10,304,12,2022
2022-12-14,Product C,Supplier Y,Warehouse 1,Electronics,26,2,324,12,2022
2022-12-14,Product C,Supplier Z,Warehouse 2,Electronics,19,5,335,12,2022
2022-12-14,Product A,Supplier Y,Warehouse 2,Furniture,25,11,61,12,2022
2022-12-14,Product D,Supplier X,Warehouse 2,Electronics,30,14,167,12,2022
2022-12-15,Product C,Supplier Z,Warehouse 1,Electronics,25,5,357,12,2022
2022-12-15,Product C,Supplier Y,Warehouse 2,Furniture,24,6,240,12,2022
2022-12-16,Product B,Supplier X,Warehouse 1,Clothing,14,7,368,12,2022
2022-12-16,Product D,Supplier X,Warehouse 1,Clothing,19,8,476,12,2022
2022-12-16,Product D,Supplier Y,Warehouse 2,Furniture,25,10,320,12,2022
2022-12-16,Product D,Supplier Z,Warehouse 2,Clothing,21,13,56,12,2022
2022-12-20,Product C,Supplier Y,Warehouse 2,Furniture,20,13,167,12,2022
2022-12-23,Product D,Supplier Z,Warehouse 2,Furniture,18,13,420,12,2022
2022-12-24,Product C,Supplier Y,Warehouse 1,Electronics,27,5,376,12,2022
2022-12-25,Product D,Supplier X,Warehouse 1,Electronics,16,3,112,12,2022
2022-12-26,Product A,Supplier X,Warehouse 1,Clothing,25,5,393,12,2022
2022-12-27,Product D,Supplier Z,Warehouse 1,Electronics,14,11,253,12,2022
2022-12-29,Product A,Supplier Z,Warehouse 1,Electronics,18,14,483,12,2022
2022-12-31,Product B,Supplier X,Warehouse 2,Clothing,16,5,479,12,2022
2022-12-31,Product C,Supplier Y,Warehouse 2,Furniture,18,10,322,12,2022
2022-12-31,Product A,Supplier Z,Warehouse 1,Electronics,22,12,204,12,2022
2023-01-02,Product B,Supplier X,Warehouse 1,Furniture,28,11,447,1,2023
2023-01-02,Product C,Supplier Z,Warehouse 2,Electronics,18,7,328,1,2023
2023-01-04,Product A,Supplier X,Warehouse 2,Clothing,22,8,165,1,2023
2023-01-04,Product C,Supplier Z,Warehouse 2,Furniture,15,10,132,1,2023
2023-01-04,Product B,Supplier Y,Warehouse 2,Clothing,23,3,195,1,2023
2023-01-05,Product D,Supplier Z,Warehouse 2,Electronics,24,4,411,1,2023
2023-01-08,Product A,Supplier Y,Warehouse 1,Electronics,11,3,329,1,2023
2023-01-08,Product A,Supplier X,Warehouse 1,Clothing,17,12,74,1,2023
2023-01-08,Product D,Supplier Y,Warehouse 2,Furniture,16,12,432,1,2023
2023-01-08,Product D,Supplier Z,Warehouse 2,Electronics,29,10,102,1,2023
2023-01-09,Product D,Supplier Y,Warehouse 2,Clothing,20,12,269,1,2023
2023-01-09,Product B,Supplier Z,Warehouse 1,Furniture,19,10,239,1,2023
2023-01-09,Product B,Supplier X,Warehouse 2,Clothing,19,5,408,1,2023
2023-01-10,Product C,Supplier Z,Warehouse 1,Electronics,18,8,330,1,2023
2023-01-11,Product D,Supplier Z,Warehouse 2,Furniture,16,12,450,1,2023
2023-01-12,Product D,Supplier Y,Warehouse 2,Clothing,11,10,237,1,2023
2023-01-12,Product D,Supplier Y,Warehouse 2,Clothing,22,11,354,1,2023
2023-01-14,Product B,Supplier X,Warehouse 1,Clothing,20,3,61,1,2023
2023-01-15,Product C,Supplier Y,Warehouse 1,Clothing,21,7,417,1,2023
2023-01-15,Product A,Supplier Z,Warehouse 2,Clothing,16,1,420,1,2023
2023-01-19,Product C,Supplier Y,Warehouse 2,Clothing,17,5,119,1,2023
2023-01-20,Product C,Supplier X,Warehouse 1,Electronics,16,6,441,1,2023
2023-01-20,Product A,Supplier Z,Warehouse 2,Electronics,19,2,456,1,2023
2023-01-20,Product D,Supplier Z,Warehouse 1,Furniture,21,9,310,1,2023
2023-01-21,Product D,Supplier X,Warehouse 1,Clothing,17,5,72,1,2023
2023-01-21,Product D,Supplier X,Warehouse 2,Electronics,17,7,372,1,2023
2023-01-21,Product B,Supplier Y,Warehouse 2,Furniture,15,7,418,1,2023
2023-01-21,Product D,Supplier Z,Warehouse 2,Clothing,23,5,136,1,2023
2023-01-22,Product B,Supplier Z,Warehouse 2,Furniture,19,10,413,1,2023
2023-01-22,Product B,Supplier X,Warehouse 2,Furniture,12,4,89,1,2023
2023-01-23,Product C,Supplier X,Warehouse 2,Clothing,25,11,230,1,2023
2023-01-23,Product A,Supplier Y,Warehouse 2,Clothing,21,5,243,1,2023
2023-01-24,Product B,Supplier Z,Warehouse 2,Electronics,10,12,406,1,2023
2023-01-25,Product B,Supplier X,Warehouse 1,Furniture,19,6,177,1,2023
2023-01-25,Product A,Supplier Y,Warehouse 1,Furniture,26,4,127,1,2023
2023-01-27,Product B,Supplier Z,Warehouse 1,Clothing,26,3,143,1,2023
2023-01-27,Product B,Supplier X,Warehouse 2,Furniture,24,9,425,1,2023
2023-01-27,Product A,Supplier X,Warehouse 2,Clothing,28,14,255,1,2023
2023-01-28,Product A,Supplier X,Warehouse 2,Electronics,19,8,477,1,2023
2023-01-28,Product A,Supplier Z,Warehouse 1,Clothing,19,6,329,1,2023
2023-01-28,Product D,Supplier Y,Warehouse 1,Electronics,27,14,238,1,2023
2023-01-28,Product B,Supplier Z,Warehouse 1,Clothing,13,3,244,1,2023
2023-01-29,Product A,Supplier Y,Warehouse 2,Electronics,19,2,225,1,2023
2023-01-29,Product B,Supplier Z,Warehouse 1,Clothing,21,14,471,1,2023
2023-01-31,Product A,Supplier Z,Warehouse 2,Electronics,27,8,270,1,2023
2023-01-31,Product D,Supplier X,Warehouse 2,Electronics,11,10,135,1,2023
2023-02-01,Product D,Supplier Z,Warehouse 1,Electronics,18,6,303,2,2023
2023-02-01,Product C,Supplier Y,Warehouse 2,Furniture,23,10,394,2,2023
2023-02-02,Product B,Supplier X,Warehouse 1,Furniture,14,14,347,2,2023
2023-02-02,Product A,Supplier X,Warehouse 1,Clothing,17,11,211,2,2023
2023-02-02,Product D,Supplier X,Warehouse 2,Furniture,15,7,425,2,2023
2023-02-04,Product C,Supplier Y,Warehouse 2,Clothing,18,4,255,2,2023
2023-02-05,Product C,Supplier X,Warehouse 2,Furniture,18,11,389,2,2023
2023-02-05,Product D,Supplier X,Warehouse 2,Clothing,14,9,216,2,2023
2023-02-05,Product C,Supplier Z,Warehouse 1,Furniture,21,10,291,2,2023
2023-02-05,Product B,Supplier Y,Warehouse 2,Electronics,10,1,330,2,2023
2023-02-06,Product B,Supplier Z,Warehouse 2,Electronics,20,14,330,2,2023
2023-02-06,Product B,Supplier Z,Warehouse 2,Electronics,23,3,178,2,2023
2023-02-07,Product A,Supplier Y,Warehouse 2,Furniture,25,10,238,2,2023
2023-02-07,Product C,Supplier Y,Warehouse 1,Furniture,25,5,162,2,2023
2023-02-07,Product D,Supplier X,Warehouse 2,Furniture,24,13,196,2,2023
2023-02-08,Product A,Supplier X,Warehouse 2,Clothing,26,7,285,2,2023
2023-02-09,Product B,Supplier Z,Warehouse 2,Electronics,16,7,126,2,2023
2023-02-09,Product B,Supplier Y,Warehouse 2,Electronics,11,8,126,2,2023
2023-02-11,Product C,Supplier Y,Warehouse 1,Furniture,18,6,205,2,2023
2023-02-11,Product A,Supplier Z,Warehouse 1,Electronics,12,2,93,2,2023
2023-02-12,Product A,Supplier X,Warehouse 2,Clothing,21,1,266,2,2023
2023-02-12,Product B,Supplier Y,Warehouse 1,Furniture,14,13,274,2,2023
2023-02-13,Product C,Supplier Y,Warehouse 1,Furniture,19,2,352,2,2023
2023-02-14,Product B,Supplier Y,Warehouse 1,Electronics,13,5,306,2,2023
2023-02-15,Product A,Supplier Z,Warehouse 1,Electronics,26,12,490,2,2023
2023-02-17,Product C,Supplier Z,Warehouse 2,Clothing,20,14,381,2,2023
2023-02-18,Product B,Supplier X,Warehouse 1,Clothing,22,6,149,2,2023
2023-02-19,Product C,Supplier Y,Warehouse 1,Electronics,23,1,73,2,2023
2023-02-19,Product C,Supplier Y,Warehouse 2,Electronics,25,10,364,2,2023
2023-02-19,Product B,Supplier X,Warehouse 1,Clothing,22,3,406,2,2023
2023-02-20,Product C,Supplier X,Warehouse 1,Furniture,18,4,164,2,2023
2023-02-21,Product A,Supplier X,Warehouse 2,Electronics,18,10,411,2,2023
2023-02-22,Product D,Supplier X,Warehouse 1,Clothing,15,7,230,2,2023
2023-02-23,Product D,Supplier Y,Warehouse 1,Clothing,13,1,445,2,2023
2023-02-24,Product C,Supplier Y,Warehouse 2,Clothing,14,6,128,2,2023
2023-02-24,Product D,Supplier Z,Warehouse 2,Electronics,23,10,55,2,2023
2023-02-26,Product B,Supplier Z,Warehouse 1,Electronics,21,1,285,2,2023
2023-02-26,Product A,Supplier Z,Warehouse 1,Electronics,25,7,142,2,2023
2023-02-26,Product B,Supplier Z,Warehouse 1,Clothing,15,11,93,2,2023
2023-03-01,Product B,Supplier Z,Warehouse 1,Clothing,29,3,233,3,2023
2023-03-03,Product A,Supplier Y,Warehouse 2,Electronics,20,7,204,3,2023
2023-03-04,Product C,Supplier Y,Warehouse 2,Electronics,23,3,251,3,2023
2023-03-08,Product A,Supplier X,Warehouse 2,Clothing,20,12,359,3,2023
2023-03-11,Product B,Supplier Z,Warehouse 1,Clothing,24,6,182,3,2023
2023-03-11,Product C,Supplier Y,Warehouse 2,Furniture,15,3,488,3,2023
2023-03-11,Product A,Supplier Z,Warehouse 1,Furniture,17,4,135,3,2023
2023-03-11,Product B,Supplier X,Warehouse 1,Clothing,22,14,417,3,2023
2023-03-12,Product A,Supplier Z,Warehouse 2,Clothing,22,9,415,3,2023
2023-03-13,Product D,Supplier Y,Warehouse 2,Furniture,21,1,110,3,2023
2023-03-13,Product D,Supplier X,Warehouse 1,Clothing,13,5,279,3,2023
2023-03-14,Product C,Supplier Z,Warehouse 1,Furniture,18,7,67,3,2023
2023-03-14,Product B,Supplier Z,Warehouse 2,Furniture,17,4,351,3,2023
2023-03-15,Product D,Supplier Y,Warehouse 1,Clothing,23,8,90,3,2023
2023-03-17,Product B,Supplier Y,Warehouse 1,Electronics,22,5,203,3,2023
2023-03-17,Product B,Supplier Y,Warehouse 2,Clothing,16,5,360,3,2023
2023-03-18,Product A,Supplier X,Warehouse 2,Clothing,24,9,56,3,2023
2023-03-18,Product B,Supplier Y,Warehouse 2,Furniture,22,13,158,3,2023
2023-03-19,Product C,Supplier Y,Warehouse 1,Clothing,26,4,302,3,2023
2023-03-20,Product C,Supplier Z,Warehouse 1,Furniture,32,7,71,3,2023
2023-03-21,Product D,Supplier Y,Warehouse 1,Electronics,21,13,464,3,2023
2023-03-21,Product A,Supplier X,Warehouse 1,Furniture,16,7,226,3,2023
2023-03-22,Product C,Supplier Z,Warehouse 2,Furniture,19,5,362,3,2023
2023-03-22,Product A,Supplier Y,Warehouse 1,Electronics,15,3,252,3,2023
2023-03-23,Product C,Supplier X,Warehouse 2,Clothing,23,13,202,3,2023
2023-03-23,Product B,Supplier X,Warehouse 1,Electronics,19,12,219,3,2023
2023-03-25,Product D,Supplier Z,Warehouse 2,Clothing,23,9,214,3,2023
2023-03-26,Product B,Supplier Y,Warehouse 2,Electronics,25,13,435,3,2023
2023-03-26,Product B,Supplier X,Warehouse 1,Clothing,27,5,198,3,2023
2023-03-27,Product C,Supplier Y,Warehouse 1,Electronics,22,8,428,3,2023
2023-03-29,Product B,Supplier Y,Warehouse 2,Electronics,23,13,271,3,2023
2023-03-29,Product C,Supplier Y,Warehouse 2,Furniture,17,9,278,3,2023
2023-03-29,Product B,Supplier Y,Warehouse 2,Electronics,33,2,98,3,2023
2023-03-31,Product B,Supplier Y,Warehouse 1,Furniture,18,1,381,3,2023
2023-03-31,Product D,Supplier Y,Warehouse 2,Furniture,21,1,167,3,2023
2023-04-01,Product B,Supplier Z,Warehouse 1,Clothing,18,11,331,4,2023
2023-04-01,Product D,Supplier Y,Warehouse 2,Furniture,14,7,487,4,2023
2023-04-01,Product C,Supplier Y,Warehouse 2,Electronics,17,2,135,4,2023
2023-04-02,Product B,Supplier Y,Warehouse 2,Clothing,16,8,324,4,2023
2023-04-02,Product B,Supplier X,Warehouse 2,Furniture,24,11,445,4,2023
2023-04-03,Product B,Supplier X,Warehouse 1,Clothing,16,3,412,4,2023
2023-04-04,Product A,Supplier Y,Warehouse 1,Clothing,14,11,135,4,2023
2023-04-05,Product D,Supplier X,Warehouse 1,Clothing,22,5,464,4,2023
2023-04-05,Product D,Supplier Y,Warehouse 2,Furniture,17,3,133,4,2023
2023-04-06,Product A,Supplier X,Warehouse 1,Furniture,20,1,454,4,2023
2023-04-06,Product C,Supplier Y,Warehouse 1,Furniture,23,2,445,4,2023
2023-04-06,Product C,Supplier Y,Warehouse 2,Furniture,20,6,96,4,2023
2023-04-07,Product D,Supplier Z,Warehouse 2,Furniture,20,11,311,4,2023
2023-04-07,Product B,Supplier Z,Warehouse 2,Electronics,23,12,198,4,2023
2023-04-09,Product C,Supplier Z,Warehouse 2,Electronics,22,8,123,4,2023
2023-04-11,Product B,Supplier Z,Warehouse 1,Electronics,17,8,190,4,2023
2023-04-12,Product B,Supplier Z,Warehouse 1,Clothing,21,4,453,4,2023
2023-04-13,Product D,Supplier X,Warehouse 2,Clothing,25,6,131,4,2023
2023-04-14,Product A,Supplier Z,Warehouse 1,Furniture,17,10,95,4,2023
2023-04-15,Product A,Supplier Z,Warehouse 2,Furniture,18,13,336,4,2023
2023-04-15,Product A,Supplier Z,Warehouse 1,Clothing,22,6,291,4,2023
2023-04-16,Product D,Supplier Z,Warehouse 1,Furniture,24,9,409,4,2023
2023-04-16,Product D,Supplier X,Warehouse 2,Clothing,20,13,258,4,2023
2023-04-17,Product A,Supplier Y,Warehouse 2,Electronics,15,6,92,4,2023
2023-04-17,Product B,Supplier X,Warehouse 1,Electronics,19,11,291,4,2023
2023-04-18,Product D,Supplier Y,Warehouse 1,Electronics,12,4,306,4,2023
2023-04-18,Product D,Supplier X,Warehouse 2,Clothing,22,5,286,4,2023
2023-04-18,Product C,Supplier X,Warehouse 2,Electronics,17,11,71,4,2023
2023-04-19,Product A,Supplier Y,Warehouse 2,Clothing,21,12,341,4,2023
2023-04-19,Product B,Supplier Y,Warehouse 1,Clothing,11,7,412,4,2023
2023-04-19,Product C,Supplier Z,Warehouse 1,Furniture,10,14,276,4,2023
2023-04-19,Product D,Supplier X,Warehouse 1,Clothing,17,2,405,4,2023
2023-04-20,Product D,Supplier Z,Warehouse 1,Furniture,13,9,338,4,2023
2023-04-20,Product A,Supplier Y,Warehouse 2,Furniture,18,6,163,4,2023
2023-04-21,Product A,Supplier Z,Warehouse 2,Electronics,18,7,179,4,2023
2023-04-21,Product A,Supplier X,Warehouse 1,Clothing,19,4,499,4,2023
2023-04-21,Product C,Supplier Y,Warehouse 2,Electronics,19,5,409,4,2023
2023-04-22,Product C,Supplier X,Warehouse 1,Furniture,16,5,128,4,2023
2023-04-22,Product C,Supplier X,Warehouse 2,Electronics,23,2,124,4,2023
2023-04-22,Product A,Supplier X,Warehouse 1,Electronics,22,10,458,4,2023
2023-04-26,Product D,Supplier Z,Warehouse 2,Clothing,13,9,212,4,2023
2023-04-26,Product B,Supplier Y,Warehouse 2,Electronics,20,13,309,4,2023
2023-04-29,Product C,Supplier Y,Warehouse 1,Furniture,27,12,327,4,2023
2023-04-30,Product C,Supplier Z,Warehouse 2,Electronics,19,14,323,4,2023
2023-04-30,Product D,Supplier Y,Warehouse 2,Furniture,20,9,395,4,2023
2023-04-30,Product C,Supplier X,Warehouse 2,Furniture,25,6,108,4,2023
2023-05-03,Product D,Supplier X,Warehouse 1,Furniture,24,5,110,5,2023
2023-05-03,Product B,Supplier Y,Warehouse 1,Electronics,14,1,192,5,2023
2023-05-04,Product D,Supplier X,Warehouse 1,Clothing,28,3,466,5,2023
2023-05-05,Product B,Supplier Y,Warehouse 2,Furniture,22,4,286,5,2023
2023-05-05,Product D,Supplier Y,Warehouse 2,Clothing,13,14,59,5,2023
2023-05-07,Product D,Supplier Y,Warehouse 1,Clothing,17,1,427,5,2023
2023-05-07,Product A,Supplier Z,Warehouse 1,Clothing,23,11,482,5,2023
2023-05-08,Product A,Supplier X,Warehouse 1,Furniture,26,3,468,5,2023
2023-05-08,Product B,Supplier X,Warehouse 1,Electronics,18,8,349,5,2023
2023-05-11,Product B,Supplier Y,Warehouse 1,Furniture,22,12,207,5,2023
2023-05-12,Product C,Supplier Y,Warehouse 1,Electronics,14,2,423,5,2023
2023-05-12,Product B,Supplier Z,Warehouse 1,Clothing,15,8,101,5,2023
2023-05-12,Product B,Supplier Y,Warehouse 2,Electronics,18,9,458,5,2023
2023-05-14,Product C,Supplier X,Warehouse 1,Clothing,21,8,55,5,2023
2023-05-14,Product D,Supplier X,Warehouse 2,Electronics,25,10,257,5,2023
2023-05-15,Product C,Supplier X,Warehouse 1,Furniture,22,7,443,5,2023
2023-05-16,Product D,Supplier Y,Warehouse 2,Clothing,14,5,139,5,2023
2023-05-17,Product B,Supplier Y,Warehouse 2,Clothing,25,11,472,5,2023
2023-05-18,Product C,Supplier Y,Warehouse 2,Electronics,19,11,271,5,2023
2023-05-18,Product C,Supplier Z,Warehouse 1,Electronics,24,13,247,5,2023
2023-05-18,Product D,Supplier Y,Warehouse 1,Electronics,24,5,278,5,2023
2023-05-19,Product A,Supplier Y,Warehouse 1,Clothing,19,9,133,5,2023
2023-05-19,Product A,Supplier Z,Warehouse 1,Furniture,14,4,186,5,2023
2023-05-20,Product A,Supplier X,Warehouse 1,Clothing,24,11,215,5,2023
2023-05-20,Product C,Supplier X,Warehouse 2,Clothing,26,13,131,5,2023
2023-05-21,Product D,Supplier X,Warehouse 2,Clothing,16,1,182,5,2023
2023-05-21,Product D,Supplier Z,Warehouse 1,Clothing,20,9,137,5,2023
2023-05-21,Product D,Supplier Z,Warehouse 1,Clothing,27,13,495,5,2023
2023-05-21,Product C,Supplier Y,Warehouse 1,Furniture,21,6,155,5,2023
2023-05-23,Product A,Supplier Z,Warehouse 2,Clothing,23,1,71,5,2023
2023-05-23,Product C,Supplier Z,Warehouse 1,Furniture,24,3,319,5,2023
2023-05-23,Product B,Supplier X,Warehouse 1,Electronics,16,3,369,5,2023
2023-05-24,Product A,Supplier Z,Warehouse 1,Furniture,16,3,442,5,2023
2023-05-25,Product B,Supplier Y,Warehouse 2,Clothing,23,4,204,5,2023
2023-05-25,Product B,Supplier Y,Warehouse 2,Furniture,24,1,246,5,2023
2023-05-26,Product C,Supplier X,Warehouse 1,Electronics,14,13,389,5,2023
2023-05-26,Product C,Supplier Y,Warehouse 1,Electronics,21,10,459,5,2023
2023-05-26,Product B,Supplier X,Warehouse 1,Electronics,24,13,452,5,2023
2023-05-26,Product C,Supplier Z,Warehouse 1,Clothing,23,13,333,5,2023
2023-05-26,Product D,Supplier Y,Warehouse 1,Furniture,18,11,151,5,2023
2023-05-26,Product C,Supplier X,Warehouse 1,Furniture,28,11,335,5,2023
2023-05-27,Product C,Supplier X,Warehouse 1,Furniture,24,7,268,5,2023
2023-05-27,Product A,Supplier Y,Warehouse 2,Clothing,24,4,267,5,2023
2023-05-28,Product B,Supplier Y,Warehouse 2,Furniture,28,5,464,5,2023
2023-05-28,Product D,Supplier Y,Warehouse 2,Electronics,16,2,460,5,2023
2023-05-28,Product C,Supplier Z,Warehouse 2,Furniture,24,11,360,5,2023
2023-05-31,Product C,Supplier Y,Warehouse 1,Electronics,23,1,105,5,2023
2023-05-31,Product B,Supplier Z,Warehouse 2,Electronics,14,10,168,5,2023
2023-05-31,Product A,Supplier Y,Warehouse 2,Electronics,10,2,87,5,2023
2023-06-01,Product C,Supplier Y,Warehouse 1,Electronics,24,10,261,6,2023
2023-06-02,Product A,Supplier Y,Warehouse 1,Electronics,16,12,278,6,2023
2023-06-02,Product B,Supplier Z,Warehouse 2,Electronics,21,3,322,6,2023
2023-06-02,Product A,Supplier Y,Warehouse 1,Electronics,29,5,250,6,2023
2023-06-03,Product B,Supplier Y,Warehouse 2,Electronics,26,1,72,6,2023
2023-06-04,Product A,Supplier X,Warehouse 1,Clothing,23,14,57,6,2023
2023-06-05,Product D,Supplier Y,Warehouse 2,Electronics,20,13,402,6,2023
2023-06-06,Product D,Supplier Y,Warehouse 1,Clothing,21,9,96,6,2023
2023-06-08,Product D,Supplier X,Warehouse 2,Electronics,20,2,383,6,2023
2023-06-09,Product A,Supplier Y,Warehouse 1,Electronics,18,3,275,6,2023
2023-06-09,Product B,Supplier Z,Warehouse 2,Clothing,12,10,248,6,2023
2023-06-09,Product B,Supplier X,Warehouse 2,Clothing,12,8,351,6,2023
2023-06-09,Product C,Supplier X,Warehouse 2,Electronics,16,5,60,6,2023
2023-06-10,Product C,Supplier X,Warehouse 2,Electronics,24,3,298,6,2023
2023-06-10,Product B,Supplier X,Warehouse 2,Electronics,20,1,429,6,2023
2023-06-10,Product B,Supplier Y,Warehouse 2,Electronics,17,4,342,6,2023
2023-06-15,Product C,Supplier X,Warehouse 2,Furniture,29,3,316,6,2023
2023-06-16,Product D,Supplier Z,Warehouse 2,Furniture,23,12,415,6,2023
2023-06-16,Product A,Supplier Y,Warehouse 1,Furniture,25,13,110,6,2023
2023-06-18,Product C,Supplier X,Warehouse 1,Clothing,21,8,267,6,2023
2023-06-21,Product C,Supplier Z,Warehouse 2,Electronics,23,5,242,6,2023
2023-06-22,Product D,Supplier X,Warehouse 2,Electronics,20,11,226,6,2023
2023-06-24,Product D,Supplier Y,Warehouse 2,Clothing,23,12,72,6,2023
2023-06-25,Product B,Supplier Y,Warehouse 2,Electronics,29,14,205,6,2023
2023-06-26,Product A,Supplier Y,Warehouse 1,Clothing,11,4,55,6,2023
2023-06-27,Product C,Supplier X,Warehouse 1,Electronics,14,1,471,6,2023
2023-06-29,Product A,Supplier X,Warehouse 1,Clothing,18,6,287,6,2023
2023-06-30,Product A,Supplier Z,Warehouse 1,Furniture,23,1,277,6,2023
2023-06-30,Product B,Supplier X,Warehouse 1,Clothing,18,13,288,6,2023
2023-07-01,Product D,Supplier Y,Warehouse 2,Furniture,18,5,185,7,2023
2023-07-01,Product C,Supplier Z,Warehouse 1,Electronics,20,14,420,7,2023
2023-07-01,Product A,Supplier X,Warehouse 1,Electronics,22,7,380,7,2023
2023-07-02,Product A,Supplier Y,Warehouse 2,Electronics,21,11,99,7,2023
2023-07-02,Product B,Supplier Z,Warehouse 2,Clothing,22,8,451,7,2023
2023-07-04,Product C,Supplier Z,Warehouse 1,Furniture,19,10,131,7,2023
2023-07-05,Product A,Supplier Y,Warehouse 2,Electronics,19,12,443,7,2023
2023-07-05,Product C,Supplier X,Warehouse 2,Clothing,22,1,176,7,2023
2023-07-05,Product A,Supplier Y,Warehouse 2,Furniture,22,7,190,7,2023
2023-07-08,Product C,Supplier Y,Warehouse 1,Clothing,19,3,217,7,2023
2023-07-08,Product A,Supplier X,Warehouse 1,Furniture,24,6,363,7,2023
2023-07-10,Product A,Supplier X,Warehouse 1,Clothing,18,13,443,7,2023
2023-07-10,Product D,Supplier Z,Warehouse 1,Clothing,27,8,113,7,2023
2023-07-10,Product B,Supplier Z,Warehouse 2,Clothing,35,8,255,7,2023
2023-07-10,Product D,Supplier X,Warehouse 1,Electronics,26,10,289,7,2023
2023-07-11,Product C,Supplier Y,Warehouse 2,Clothing,20,5,142,7,2023
2023-07-12,Product D,Supplier X,Warehouse 1,Electronics,19,8,339,7,2023
2023-07-13,Product C,Supplier Z,Warehouse 1,Furniture,19,14,373,7,2023
2023-07-14,Product A,Supplier Z,Warehouse 1,Furniture,26,9,493,7,2023
2023-07-15,Product D,Supplier Y,Warehouse 1,Electronics,18,13,78,7,2023
2023-07-16,Product C,Supplier Y,Warehouse 2,Electronics,27,9,372,7,2023
2023-07-17,Product C,Supplier Z,Warehouse 2,Furniture,27,9,254,7,2023
2023-07-17,Product C,Supplier X,Warehouse 2,Furniture,29,4,201,7,2023
2023-07-17,Product C,Supplier Z,Warehouse 2,Furniture,19,8,437,7,2023
2023-07-18,Product B,Supplier Z,Warehouse 1,Clothing,21,8,73,7,2023
2023-07-18,Product A,Supplier Y,Warehouse 1,Furniture,12,3,453,7,2023
2023-07-18,Product A,Supplier X,Warehouse 1,Clothing,23,5,279,7,2023
2023-07-19,Product C,Supplier Z,Warehouse 2,Clothing,17,8,120,7,2023
2023-07-19,Product A,Supplier Y,Warehouse 2,Furniture,13,5,241,7,2023
2023-07-19,Product D,Supplier Z,Warehouse 2,Electronics,23,4,323,7,2023
2023-07-20,Product D,Supplier X,Warehouse 1,Electronics,17,9,164,7,2023
2023-07-20,Product A,Supplier Y,Warehouse 2,Clothing,14,6,372,7,2023
2023-07-20,Product A,Supplier Y,Warehouse 2,Clothing,17,13,440,7,2023
2023-07-20,Product A,Supplier Y,Warehouse 2,Furniture,19,3,489,7,2023
2023-07-21,Product A,Supplier Z,Warehouse 2,Clothing,24,13,263,7,2023
2023-07-23,Product B,Supplier X,Warehouse 2,Furniture,18,10,325,7,2023
2023-07-24,Product D,Supplier Z,Warehouse 2,Electronics,17,3,170,7,2023
2023-07-24,Product D,Supplier Z,Warehouse 1,Electronics,16,4,284,7,2023
2023-07-26,Product D,Supplier Z,Warehouse 1,Furniture,24,3,156,7,2023
2023-07-26,Product D,Supplier X,Warehouse 1,Clothing,29,3,107,7,2023
2023-07-27,Product B,Supplier Y,Warehouse 1,Clothing,18,2,226,7,2023
2023-07-28,Product D,Supplier Z,Warehouse 1,Clothing,15,10,191,7,2023
2023-07-28,Product D,Supplier X,Warehouse 1,Clothing,25,12,92,7,2023
2023-07-28,Product D,Supplier Z,Warehouse 1,Electronics,19,6,91,7,2023
2023-07-29,Product D,Supplier Y,Warehouse 1,Furniture,13,8,263,7,2023
2023-07-29,Product D,Supplier X,Warehouse 1,Furniture,22,6,340,7,2023
2023-07-31,Product B,Supplier X,Warehouse 2,Clothing,15,3,456,7,2023
2023-08-01,Product B,Supplier Z,Warehouse 1,Furniture,22,13,212,8,2023
2023-08-01,Product B,Supplier X,Warehouse 2,Clothing,20,9,336,8,2023
2023-08-03,Product B,Supplier Y,Warehouse 1,Furniture,16,3,106,8,2023
2023-08-03,Product A,Supplier Y,Warehouse 1,Electronics,21,7,253,8,2023
2023-08-04,Product D,Supplier X,Warehouse 2,Furniture,19,13,189,8,2023
2023-08-05,Product B,Supplier X,Warehouse 2,Furniture,18,13,464,8,2023
2023-08-10,Product C,Supplier X,Warehouse 1,Clothing,14,7,402,8,2023
2023-08-11,Product A,Supplier X,Warehouse 1,Clothing,18,10,477,8,2023
2023-08-16,Product C,Supplier X,Warehouse 1,Electronics,18,5,263,8,2023
2023-08-17,Product A,Supplier Z,Warehouse 2,Electronics,16,3,239,8,2023
2023-08-18,Product D,Supplier Y,Warehouse 2,Furniture,17,11,474,8,2023
2023-08-19,Product D,Supplier Z,Warehouse 1,Clothing,20,7,259,8,2023
2023-08-19,Product B,Supplier X,Warehouse 1,Clothing,20,11,257,8,2023
2023-08-24,Product A,Supplier Z,Warehouse 1,Furniture,20,7,172,8,2023
2023-08-24,Product A,Supplier Z,Warehouse 1,Furniture,17,10,460,8,2023
2023-08-25,Product C,Supplier Y,Warehouse 2,Electronics,19,11,87,8,2023
2023-08-27,Product D,Supplier X,Warehouse 1,Clothing,13,6,338,8,2023
2023-08-27,Product A,Supplier Z,Warehouse 1,Furniture,26,7,382,8,2023
2023-08-28,Product C,Supplier Y,Warehouse 2,Furniture,29,2,215,8,2023
2023-08-29,Product D,Supplier X,Warehouse 2,Furniture,18,2,409,8,2023
2023-08-30,Product B,Supplier Y,Warehouse 1,Electronics,23,8,158,8,2023
2023-08-30,Product C,Supplier Y,Warehouse 2,Electronics,19,14,338,8,2023
2023-08-30,Product A,Supplier Y,Warehouse 1,Electronics,21,12,69,8,2023
2023-08-31,Product A,Supplier X,Warehouse 1,Clothing,19,14,216,8,2023
2023-08-31,Product A,Supplier Z,Warehouse 2,Clothing,29,9,102,8,2023
2023-09-01,Product C,Supplier Z,Warehouse 1,Electronics,15,2,344,9,2023
2023-09-01,Product A,Supplier X,Warehouse 2,Electronics,24,9,168,9,2023
2023-09-02,Product A,Supplier X,Warehouse 1,Clothing,16,5,477,9,2023
2023-09-02,Product B,Supplier Z,Warehouse 2,Electronics,17,5,157,9,2023
2023-09-03,Product B,Supplier Z,Warehouse 1,Furniture,21,9,481,9,2023
2023-09-04,Product A,Supplier Y,Warehouse 1,Furniture,22,2,293,9,2023
2023-09-04,Product C,Supplier Z,Warehouse 1,Clothing,24,7,205,9,2023
2023-09-05,Product A,Supplier X,Warehouse 2,Electronics,23,9,393,9,2023
2023-09-05,Product A,Supplier Z,Warehouse 1,Furniture,20,4,201,9,2023
2023-09-05,Product C,Supplier Y,Warehouse 1,Electronics,21,8,201,9,2023
2023-09-05,Product D,Supplier Z,Warehouse 1,Electronics,15,11,380,9,2023
2023-09-05,Product D,Supplier Z,Warehouse 1,Clothing,16,3,289,9,2023
2023-09-05,Product A,Supplier Y,Warehouse 1,Clothing,15,4,416,9,2023
2023-09-07,Product C,Supplier X,Warehouse 2,Furniture,21,7,369,9,2023
2023-09-09,Product B,Supplier Y,Warehouse 2,Furniture,21,10,154,9,2023
2023-09-12,Product D,Supplier X,Warehouse 2,Clothing,28,9,259,9,2023
2023-09-12,Product D,Supplier X,Warehouse 2,Furniture,22,2,142,9,2023
2023-09-15,Product A,Supplier Y,Warehouse 2,Furniture,26,5,439,9,2023
2023-09-15,Product C,Supplier Z,Warehouse 1,Clothing,26,1,190,9,2023
2023-09-16,Product D,Supplier Y,Warehouse 2,Furniture,18,7,498,9,2023
2023-09-16,Product B,Supplier Y,Warehouse 2,Clothing,23,14,372,9,2023
2023-09-16,Product A,Supplier Y,Warehouse 1,Furniture,18,10,311,9,2023
2023-09-17,Product B,Supplier X,Warehouse 1,Electronics,30,1,160,9,2023
2023-09-17,Product D,Supplier X,Warehouse 1,Furniture,19,4,497,9,2023
2023-09-17,Product A,Supplier X,Warehouse 1,Furniture,22,9,299,9,2023
2023-09-18,Product A,Supplier Z,Warehouse 2,Furniture,16,4,464,9,2023
2023-09-18,Product B,Supplier X,Warehouse 1,Furniture,16,2,325,9,2023
2023-09-20,Product D,Supplier Z,Warehouse 1,Clothing,11,10,377,9,2023
2023-09-20,Product D,Supplier X,Warehouse 2,Electronics,15,12,493,9,2023
2023-09-23,Product B,Supplier Z,Warehouse 1,Electronics,17,7,128,9,2023
2023-09-25,Product A,Supplier Y,Warehouse 2,Clothing,21,13,335,9,2023
2023-09-26,Product B,Supplier Y,Warehouse 1,Clothing,20,2,180,9,2023
2023-09-26,Product C,Supplier Y,Warehouse 2,Furniture,15,1,423,9,2023
2023-09-26,Product A,Supplier Y,Warehouse 2,Clothing,21,5,199,9,2023
2023-09-26,Product C,Supplier X,Warehouse 2,Furniture,14,12,190,9,2023
2023-09-28,Product D,Supplier Y,Warehouse 1,Clothing,23,10,111,9,2023
2023-09-30,Product B,Supplier Y,Warehouse 2,Clothing,19,5,406,9,2023
2023-09-30,Product B,Supplier Z,Warehouse 2,Clothing,27,5,163,9,2023
2023-09-30,Product A,Supplier Y,Warehouse 2,Clothing,23,10,415,9,2023
2023-10-01,Product A,Supplier X,Warehouse 1,Electronics,19,10,251,10,2023
2023-10-01,Product C,Supplier Y,Warehouse 1,Clothing,24,13,351,10,2023
2023-10-02,Product A,Supplier X,Warehouse 2,Furniture,17,8,289,10,2023
2023-10-02,Product C,Supplier Y,Warehouse 2,Electronics,14,3,248,10,2023
2023-10-02,Product A,Supplier Z,Warehouse 2,Clothing,16,12,185,10,2023
2023-10-03,Product C,Supplier X,Warehouse 2,Furniture,17,8,335,10,2023
2023-10-03,Product B,Supplier Y,Warehouse 2,Electronics,22,12,194,10,2023
2023-10-04,Product B,Supplier Z,Warehouse 1,Electronics,16,6,360,10,2023
2023-10-04,Product D,Supplier Y,Warehouse 1,Furniture,22,13,444,10,2023
2023-10-05,Product A,Supplier Z,Warehouse 1,Clothing,19,8,332,10,2023
2023-10-07,Product C,Supplier Y,Warehouse 2,Furniture,13,13,252,10,2023
2023-10-07,Product C,Supplier Z,Warehouse 1,Clothing,23,7,339,10,2023
2023-10-07,Product C,Supplier X,Warehouse 2,Furniture,13,4,426,10,2023
2023-10-08,Product D,Supplier Y,Warehouse 1,Clothing,20,4,137,10,2023
2023-10-08,Product B,Supplier X,Warehouse 1,Furniture,25,7,333,10,2023
2023-10-09,Product B,Supplier X,Warehouse 1,Clothing,20,10,139,10,2023
2023-10-10,Product B,Supplier Z,Warehouse 1,Furniture,32,8,413,10,2023
2023-10-10,Product D,Supplier X,Warehouse 1,Electronics,18,14,277,10,2023
2023-10-10,Product A,Supplier Y,Warehouse 2,Clothing,17,10,386,10,2023
2023-10-11,Product D,Supplier Y,Warehouse 1,Electronics,16,12,342,10,2023
2023-10-12,Product C,Supplier Z,Warehouse 2,Furniture,27,4,252,10,2023
2023-10-14,Product B,Supplier X,Warehouse 2,Furniture,15,3,428,10,2023
2023-10-15,Product C,Supplier X,Warehouse 1,Clothing,16,9,224,10,2023
2023-10-15,Product A,Supplier Y,Warehouse 2,Clothing,22,2,361,10,2023
2023-10-16,Product A,Supplier Z,Warehouse 2,Furniture,23,7,327,10,2023
2023-10-16,Product A,Supplier Y,Warehouse 1,Electronics,14,2,361,10,2023
2023-10-17,Product C,Supplier Y,Warehouse 1,Furniture,17,13,362,10,2023
2023-10-18,Product B,Supplier Y,Warehouse 2,Electronics,22,2,104,10,2023
2023-10-18,Product D,Supplier Y,Warehouse 2,Clothing,26,12,283,10,2023
2023-10-18,Product A,Supplier Z,Warehouse 2,Clothing,18,13,273,10,2023
2023-10-19,Product A,Supplier Y,Warehouse 1,Electronics,21,13,282,10,2023
2023-10-19,Product A,Supplier X,Warehouse 1,Clothing,18,14,404,10,2023
2023-10-20,Product D,Supplier Y,Warehouse 1,Electronics,21,14,103,10,2023
2023-10-21,Product C,Supplier X,Warehouse 1,Electronics,13,2,111,10,2023
2023-10-21,Product C,Supplier X,Warehouse 2,Clothing,29,9,274,10,2023
2023-10-21,Product C,Supplier Y,Warehouse 1,Furniture,21,6,281,10,2023
2023-10-21,Product C,Supplier X,Warehouse 2,Clothing,17,6,351,10,2023
2023-10-21,Product B,Supplier Y,Warehouse 1,Clothing,23,4,376,10,2023
2023-10-22,Product B,Supplier Z,Warehouse 1,Furniture,22,12,373,10,2023
2023-10-22,Product D,Supplier Y,Warehouse 2,Furniture,28,10,281,10,2023
2023-10-24,Product A,Supplier Y,Warehouse 1,Furniture,25,11,320,10,2023
2023-10-24,Product A,Supplier Y,Warehouse 2,Electronics,29,7,496,10,2023
2023-10-25,Product B,Supplier Y,Warehouse 1,Clothing,22,9,171,10,2023
2023-10-25,Product B,Supplier X,Warehouse 2,Electronics,20,12,288,10,2023
2023-10-25,Product D,Supplier X,Warehouse 2,Furniture,18,9,169,10,2023
2023-10-26,Product B,Supplier Z,Warehouse 2,Electronics,24,9,55,10,2023
2023-10-26,Product B,Supplier Z,Warehouse 2,Clothing,16,2,386,10,2023
2023-10-26,Product B,Supplier Z,Warehouse 1,Clothing,18,11,404,10,2023
2023-10-26,Product C,Supplier X,Warehouse 2,Electronics,26,14,165,10,2023
2023-10-26,Product A,Supplier Z,Warehouse 1,Clothing,21,7,472,10,2023
2023-10-27,Product C,Supplier Z,Warehouse 2,Clothing,24,14,335,10,2023
2023-10-28,Product C,Supplier Z,Warehouse 1,Clothing,21,7,235,10,2023
2023-10-29,Product B,Supplier Z,Warehouse 1,Clothing,18,9,128,10,2023
2023-10-30,Product D,Supplier Y,Warehouse 1,Electronics,15,8,427,10,2023
2023-11-01,Product B,Supplier Y,Warehouse 2,Clothing,19,9,139,11,2023
2023-11-01,Product C,Supplier Y,Warehouse 2,Clothing,16,13,301,11,2023
2023-11-03,Product C,Supplier Z,Warehouse 2,Electronics,22,3,173,11,2023
2023-11-03,Product D,Supplier Z,Warehouse 2,Electronics,25,11,229,11,2023
2023-11-03,Product B,Supplier X,Warehouse 2,Electronics,27,6,58,11,2023
2023-11-03,Product D,Supplier X,Warehouse 1,Clothing,20,4,408,11,2023
2023-11-04,Product B,Supplier Z,Warehouse 1,Furniture,19,10,402,11,2023
2023-11-04,Product C,Supplier X,Warehouse 2,Clothing,29,3,295,11,2023
2023-11-05,Product B,Supplier Y,Warehouse 1,Clothing,20,1,311,11,2023
2023-11-06,Product B,Supplier X,Warehouse 1,Electronics,21,14,253,11,2023
2023-11-06,Product B,Supplier X,Warehouse 2,Electronics,18,11,116,11,2023
2023-11-07,Product D,Supplier Z,Warehouse 2,Furniture,13,7,286,11,2023
2023-11-07,Product C,Supplier Z,Warehouse 2,Furniture,21,14,475,11,2023
2023-11-07,Product B,Supplier X,Warehouse 1,Electronics,17,7,84,11,2023
2023-11-08,Product D,Supplier Z,Warehouse 1,Furniture,26,10,152,11,2023
2023-11-08,Product B,Supplier Z,Warehouse 2,Electronics,24,7,56,11,2023
2023-11-12,Product C,Supplier Z,Warehouse 2,Clothing,21,12,431,11,2023
2023-11-13,Product B,Supplier Y,Warehouse 2,Furniture,20,6,165,11,2023
2023-11-13,Product A,Supplier X,Warehouse 1,Electronics,20,1,129,11,2023
2023-11-13,Product A,Supplier X,Warehouse 2,Clothing,18,3,413,11,2023
2023-11-13,Product C,Supplier X,Warehouse 2,Electronics,24,10,226,11,2023
2023-11-13,Product D,Supplier X,Warehouse 1,Electronics,14,1,438,11,2023
2023-11-15,Product A,Supplier X,Warehouse 1,Furniture,15,2,452,11,2023
2023-11-15,Product C,Supplier Y,Warehouse 2,Clothing,27,10,141,11,2023
2023-11-15,Product D,Supplier Z,Warehouse 1,Electronics,14,11,465,11,2023
2023-11-16,Product D,Supplier Z,Warehouse 1,Furniture,19,9,213,11,2023
2023-11-16,Product D,Supplier Y,Warehouse 1,Furniture,22,7,375,11,2023
2023-11-16,Product A,Supplier Y,Warehouse 1,Clothing,20,8,451,11,2023
2023-11-17,Product A,Supplier Y,Warehouse 1,Clothing,24,5,114,11,2023
2023-11-18,Product B,Supplier Y,Warehouse 2,Electronics,17,3,293,11,2023
2023-11-19,Product A,Supplier X,Warehouse 1,Furniture,12,5,359,11,2023
2023-11-20,Product C,Supplier Z,Warehouse 2,Electronics,20,9,130,11,2023
2023-11-20,Product A,Supplier Y,Warehouse 1,Electronics,23,12,394,11,2023
2023-11-21,Product C,Supplier X,Warehouse 2,Electronics,17,1,329,11,2023
2023-11-21,Product D,Supplier Z,Warehouse 1,Electronics,20,5,347,11,2023
2023-11-22,Product C,Supplier Y,Warehouse 1,Clothing,20,6,431,11,2023
2023-11-22,Product C,Supplier Y,Warehouse 1,Electronics,19,5,252,11,2023
2023-11-23,Product B,Supplier X,Warehouse 1,Electronics,17,5,234,11,2023
2023-11-23,Product A,Supplier X,Warehouse 2,Clothing,23,2,177,11,2023
2023-11-23,Product C,Supplier X,Warehouse 1,Clothing,15,14,413,11,2023
2023-11-23,Product B,Supplier Z,Warehouse 1,Electronics,24,9,357,11,2023
2023-11-24,Product C,Supplier X,Warehouse 1,Electronics,14,13,88,11,2023
2023-11-26,Product D,Supplier X,Warehouse 2,Electronics,21,9,212,11,2023
2023-11-27,Product C,Supplier X,Warehouse 1,Furniture,19,2,436,11,2023
2023-11-28,Product A,Supplier X,Warehouse 2,Electronics,24,10,396,11,2023
2023-11-29,Product C,Supplier Z,Warehouse 2,Clothing,19,9,317,11,2023
2023-11-29,Product A,Supplier Z,Warehouse 2,Furniture,24,13,269,11,2023
2023-11-30,Product D,Supplier X,Warehouse 1,Electronics,17,10,286,11,2023
2023-11-30,Product C,Supplier X,Warehouse 2,Furniture,20,11,145,11,2023
2023-11-30,Product B,Supplier Y,Warehouse 1,Furniture,21,13,132,11,2023
2023-11-30,Product D,Supplier X,Warehouse 1,Furniture,14,6,211,11,2023
2023-12-01,Product B,Supplier Y,Warehouse 2,Furniture,26,1,162,12,2023
2023-12-01,Product B,Supplier X,Warehouse 2,Electronics,17,4,133,12,2023
2023-12-02,Product D,Supplier Z,Warehouse 2,Clothing,19,12,186,12,2023
2023-12-03,Product C,Supplier Z,Warehouse 2,Electronics,18,10,355,12,2023
2023-12-04,Product C,Supplier Y,Warehouse 1,Electronics,20,2,344,12,2023
2023-12-05,Product A,Supplier Y,Warehouse 1,Clothing,16,9,278,12,2023
2023-12-05,Product B,Supplier Z,Warehouse 2,Furniture,14,2,325,12,2023
2023-12-05,Product C,Supplier Z,Warehouse 1,Clothing,18,5,469,12,2023
2023-12-07,Product A,Supplier Y,Warehouse 1,Furniture,24,12,337,12,2023
2023-12-10,Product A,Supplier Z,Warehouse 2,Clothing,25,12,346,12,2023
2023-12-10,Product A,Supplier X,Warehouse 2,Electronics,23,10,80,12,2023
2023-12-11,Product D,Supplier X,Warehouse 2,Electronics,16,10,348,12,2023
2023-12-11,Product A,Supplier Z,Warehouse 2,Clothing,21,5,353,12,2023
2023-12-11,Product C,Supplier X,Warehouse 1,Clothing,21,1,224,12,2023
2023-12-12,Product A,Supplier Z,Warehouse 1,Clothing,16,10,255,12,2023
2023-12-15,Product C,Supplier Z,Warehouse 1,Clothing,17,4,375,12,2023
2023-12-15,Product D,Supplier Y,Warehouse 1,Furniture,22,6,443,12,2023
2023-12-15,Product A,Supplier X,Warehouse 2,Electronics,15,1,265,12,2023
2023-12-16,Product B,Supplier Y,Warehouse 1,Furniture,16,6,471,12,2023
2023-12-18,Product D,Supplier X,Warehouse 1,Electronics,21,14,162,12,2023
2023-12-19,Product D,Supplier Z,Warehouse 1,Furniture,22,3,141,12,2023
2023-12-20,Product D,Supplier Z,Warehouse 1,Electronics,16,6,170,12,2023
2023-12-21,Product B,Supplier X,Warehouse 1,Furniture,20,4,118,12,2023
2023-12-21,Product C,Supplier X,Warehouse 1,Electronics,24,1,322,12,2023
2023-12-25,Product C,Supplier X,Warehouse 2,Electronics,19,3,402,12,2023
2023-12-25,Product D,Supplier X,Warehouse 1,Furniture,24,13,262,12,2023
2023-12-26,Product D,Supplier X,Warehouse 1,Electronics,29,12,190,12,2023
2023-12-27,Product A,Supplier X,Warehouse 2,Furniture,25,2,412,12,2023
2023-12-27,Product D,Supplier X,Warehouse 2,Electronics,19,6,375,12,2023
2023-12-28,Product B,Supplier X,Warehouse 2,Clothing,15,13,437,12,2023
2023-12-28,Product B,Supplier Z,Warehouse 1,Electronics,22,6,237,12,2023
2023-12-28,Product B,Supplier X,Warehouse 2,Clothing,17,1,425,12,2023
2023-12-29,Product A,Supplier Y,Warehouse 2,Electronics,23,10,477,12,2023
2023-12-30,Product B,Supplier Y,Warehouse 1,Clothing,23,11,193,12,2023
2023-12-30,Product C,Supplier X,Warehouse 1,Furniture,27,5,122,12,2023
2023-12-31,Product B,Supplier X,Warehouse 2,Clothing,17,12,70,12,2023
2023-12-31,Product D,Supplier X,Warehouse 1,Electronics,15,10,368,12,2023
2023-12-31,Product A,Supplier Y,Warehouse 1,Furniture,20,12,107,12,2023
